[{"model": "market.category", "pk": 1, "fields": {"name": "laptops", "image": "category_images/61QGMX0Qy6L._AC_SX679_.jpg"}}, {"model": "market.category", "pk": 3, "fields": {"name": "desktops", "image": "category_images/71gx1HNTj1L._AC_SX679__Z3F5cvq.jpg"}}, {"model": "market.category", "pk": 4, "fields": {"name": "televisions", "image": "category_images/61g1yQfmlwL._AC_SX466_.jpg"}}, {"model": "market.product_code", "pk": 1, "fields": {"product_code": "020334"}}, {"model": "market.product_code", "pk": 2, "fields": {"product_code": "020020"}}, {"model": "market.product_code", "pk": 3, "fields": {"product_code": "020010"}}, {"model": "market.product_code", "pk": 4, "fields": {"product_code": "123123"}}, {"model": "market.product_code", "pk": 5, "fields": {"product_code": "030303"}}, {"model": "market.product_code", "pk": 6, "fields": {"product_code": "040400"}}, {"model": "market.product_code", "pk": 7, "fields": {"product_code": "040402"}}, {"model": "market.product_code", "pk": 8, "fields": {"product_code": "040408"}}, {"model": "market.product_code", "pk": 9, "fields": {"product_code": "022020"}}, {"model": "market.product_code", "pk": 10, "fields": {"product_code": "022220"}}, {"model": "market.order", "pk": 4, "fields": {"adress": "some adress", "client_name": "John", "phone_number": "000000000", "email": null, "order_date": "2023-03-12T14:28:55.377Z"}}, {"model": "market.order", "pk": 5, "fields": {"adress": "some adress", "client_name": "Jeck", "phone_number": "000000000", "email": "mym@mail.com", "order_date": "2023-03-12T14:46:06.730Z"}}, {"model": "market.order", "pk": 6, "fields": {"adress": "some adress", "client_name": "Jeck", "phone_number": "000000000", "email": "mym@mail.com", "order_date": "2023-03-12T14:46:55.659Z"}}, {"model": "market.order", "pk": 7, "fields": {"adress": "some adress", "client_name": "Jeck", "phone_number": "000000000", "email": "gv4alex@gmail.com", "order_date": "2023-03-12T14:52:33.288Z"}}, {"model": "market.order", "pk": 8, "fields": {"adress": "some adress", "client_name": "Jeck", "phone_number": "000000000", "email": "gv4alex@gmail.com", "order_date": "2023-03-12T14:53:14.255Z"}}, {"model": "market.order", "pk": 9, "fields": {"adress": "some adress", "client_name": "Jeck", "phone_number": "000000000", "email": "gv4alex@gmail.com", "order_date": "2023-03-12T14:53:23.177Z"}}, {"model": "market.order", "pk": 10, "fields": {"adress": "some adress", "client_name": "Jeck", "phone_number": "000000000", "email": "gv4alex@gmail.com", "order_date": "2023-03-12T14:54:20.653Z"}}, {"model": "market.order_items", "pk": 3, "fields": {"order": 4, "product_code": "020020", "count": 3}}, {"model": "market.order_items", "pk": 4, "fields": {"order": 4, "product_code": "020010", "count": 1}}, {"model": "market.order_items", "pk": 5, "fields": {"order": 5, "product_code": "020020", "count": 3}}, {"model": "market.order_items", "pk": 6, "fields": {"order": 5, "product_code": "020010", "count": 1}}, {"model": "market.order_items", "pk": 7, "fields": {"order": 6, "product_code": "020020", "count": 3}}, {"model": "market.order_items", "pk": 8, "fields": {"order": 6, "product_code": "020010", "count": 1}}, {"model": "market.order_items", "pk": 9, "fields": {"order": 7, "product_code": "020020", "count": 3}}, {"model": "market.order_items", "pk": 10, "fields": {"order": 7, "product_code": "020010", "count": 1}}, {"model": "market.order_items", "pk": 11, "fields": {"order": 8, "product_code": "020020", "count": 3}}, {"model": "market.order_items", "pk": 12, "fields": {"order": 8, "product_code": "020010", "count": 1}}, {"model": "market.order_items", "pk": 13, "fields": {"order": 9, "product_code": "020020", "count": 3}}, {"model": "market.order_items", "pk": 14, "fields": {"order": 9, "product_code": "020010", "count": 1}}, {"model": "market.order_items", "pk": 15, "fields": {"order": 10, "product_code": "020020", "count": 3}}, {"model": "market.order_items", "pk": 16, "fields": {"order": 10, "product_code": "020010", "count": 1}}, {"model": "market.laptop", "pk": "020010", "fields": {"brand": "Lenovo", "model": "E-400", "product_image": "product_images/61QGMX0Qy6L._AC_SX679__LItEAlI.jpg", "price": 1200.0, "count": 6, "description": "<ul>\r\n<li><span class=\"a-list-item\">【Memory &amp; Storage】Memory is 8GB high-bandwidth RAM to smoothly run multiple applications and browser tabs all at once. Hard Drive is 256GB PCIe Solid State Drive which allows to fast bootup and data transfer </span></li>\r\n<li><span class=\"a-list-item\"> 【Processor】11th Gen Intel Core i3-1115G4 Dual-Core 3.0GHz Processor (6MB Intel Smart Cache, up to 4.10GHz) Intel UHD Graphics </span></li>\r\n<li><span class=\"a-list-item\"> 【Screen】15.6\" HD Touchscreen (1366 x 768) Display </span></li>\r\n<li><span class=\"a-list-item\"> 【Ports】2 x USB 3.2 Gen 1 Type-A, 1 x USB 2.0 Type-A, 1 x HDMI, 1 x Combination Audio Jack, 1 x Multi-format SD Media Card Reader, Wireless-AC Wi-Fi 5 + Bluetooth Combo </span></li>\r\n<li><span class=\"a-list-item\"> 【Operating System】Windows 11 Home </span></li>\r\n</ul>", "category": 1, "screen_size": "15.6 Inches", "disk_size": 256, "cpu": "Core i5", "gpu": "GeForce 1050TI", "ram_memory": 8, "os": "None"}}, {"model": "market.laptop", "pk": "020020", "fields": {"brand": "Lenovo", "model": "E-500", "product_image": "product_images/61QGMX0Qy6L._AC_SX679_.jpg", "price": 1000.0, "count": 5, "description": "<ul>\r\n<li><span class=\"a-list-item\"> 【Memory &amp; Storage】Memory is 8GB high-bandwidth RAM to smoothly run multiple applications and browser tabs all at once. Hard Drive is 256GB PCIe Solid State Drive which allows to fast bootup and data transfer </span></li>\r\n<li><span class=\"a-list-item\"> 【Processor】11th Gen Intel Core i3-1115G4 Dual-Core 3.0GHz Processor (6MB Intel Smart Cache, up to 4.10GHz) Intel UHD Graphics </span></li>\r\n<li><span class=\"a-list-item\"> 【Screen】15.6\" HD Touchscreen (1366 x 768) Display </span></li>\r\n<li><span class=\"a-list-item\"> 【Ports】2 x USB 3.2 Gen 1 Type-A, 1 x USB 2.0 Type-A, 1 x HDMI, 1 x Combination Audio Jack, 1 x Multi-format SD Media Card Reader, Wireless-AC Wi-Fi 5 + Bluetooth Combo </span></li>\r\n<li><span class=\"a-list-item\"> 【Operating System】Windows 11 Home </span></li>\r\n</ul>", "category": 1, "screen_size": "15.6 Inches", "disk_size": 256, "cpu": "Core i3", "gpu": "Integrated", "ram_memory": 16, "os": "Windows 10"}}, {"model": "market.laptop", "pk": "020334", "fields": {"brand": "Samsung", "model": "S-400-3", "product_image": "product_images/61QGMX0Qy6L._AC_SX679__4YHGmYU.jpg", "price": 1400.0, "count": 0, "description": "<ul>\r\n<li><span class=\"a-list-item\"> 【Memory &amp; Storage】Memory is 8GB high-bandwidth RAM to smoothly run multiple applications and browser tabs all at once. Hard Drive is 256GB PCIe Solid State Drive which allows to fast bootup and data transfer </span></li>\r\n<li><span class=\"a-list-item\"> 【Processor】11th Gen Intel Core i3-1115G4 Dual-Core 3.0GHz Processor (6MB Intel Smart Cache, up to 4.10GHz) Intel UHD Graphics </span></li>\r\n<li><span class=\"a-list-item\"> 【Screen】15.6\" HD Touchscreen (1366 x 768) Display </span></li>\r\n<li><span class=\"a-list-item\"> 【Ports】2 x USB 3.2 Gen 1 Type-A, 1 x USB 2.0 Type-A, 1 x HDMI, 1 x Combination Audio Jack, 1 x Multi-format SD Media Card Reader, Wireless-AC Wi-Fi 5 + Bluetooth Combo </span></li>\r\n<li><span class=\"a-list-item\"> 【Operating System】Windows 11 Home </span></li>\r\n</ul>", "category": 1, "screen_size": "15.6 Inches", "disk_size": 256, "cpu": "Core i3", "gpu": "GeForce 1050TI", "ram_memory": 16, "os": "Windows 11"}}, {"model": "market.desktop", "pk": "022020", "fields": {"brand": "Dell", "model": "Optiplex 7050", "product_image": "product_images/61FVIijQp2L._AC_SX466_.jpg", "price": 700.0, "count": 5, "description": "<h5>The product is refurbished and is fully functional. Backed by the 90-day Amazon Renewed Guarantee.</h5>\r\n<div class=\"a-section\">- This pre-owned product has been professionally inspected, tested and cleaned by Amazon qualified vendors. <br />- Products correspond to one of the following cosmetic conditions: Excellent condition - no signs of cosmetic damage when held 12 inches away. Good condition - Light scratches, barely visible when holding the device 12 inches away. Acceptable condition - Scratches visible when holding the device 12 inches away and perceptible to the touch. <br />- This product will have a battery that exceeds 80% capacity relative to new. <br />- Accessories may not be original, but will be compatible and fully functional. Product may come in generic box. <br />- This product is eligible for a replacement or refund within 90 days of receipt if it does not work as expected.</div>", "category": 3, "disk_size": 1000, "cpu": "Core i7", "gpu": "Integrated", "os": "Windows 10 Pro"}}, {"model": "market.desktop", "pk": "022220", "fields": {"brand": "Dell", "model": "Optiplex 7051", "product_image": "product_images/61FVIijQp2L._AC_SX466__5tk7Vch.jpg", "price": 770.0, "count": 0, "description": "<ul>\r\n<li><span class=\"a-list-item\"> This Certified Refurbished product is tested and certified to look and work like new. The refurbishing process includes functionality testing, basic cleaning, inspection, and repackaging. The product ships with all relevant accessories, a minimum 91-day warranty, and may arrive in a generic box. Only select sellers who maintain a high-performance bar may offer Certified Refurbished products on Amazon.com. </span></li>\r\n<li><span class=\"a-list-item\"> Dell Optiplex 7050 SFF Desktop PC, Intel Quad Core i7-7700 up to 4.2 GHz, 32GB DDR4, 1TB SSD </span></li>\r\n<li><span class=\"a-list-item\"> Includes: USB Keyboard &amp; Mouse, USB WiFi adapter, USB Bluetooth adapter, Microsoft office 30 days free trail. </span></li>\r\n<li><span class=\"a-list-item\"> USB3.0, Type-C, DisplayPort, HDMI, Headphone output, Microphone input, LAN </span></li>\r\n<li><span class=\"a-list-item\"> Support 4K (3840x2160) Dual display, makes it easy to connect two monitors at the same time, and you can expand working Windows, mirror content, or expand a single window across multiple monitors. </span></li>\r\n</ul>", "category": 3, "disk_size": 750, "cpu": "Core i7", "gpu": "Integrated", "os": "Windows 10"}}, {"model": "market.desktop", "pk": "030303", "fields": {"brand": "Acer", "model": "TC-1760-UA92", "product_image": "product_images/71gx1HNTj1L._AC_SX679_.jpg", "price": 900.0, "count": 10, "description": "<ul>\r\n<li><span class=\"a-list-item\"> ROBUST COMPUTING HUB: Tackle any task&mdash;from basic computing to multimedia entertainment&mdash;every time you power up this beastly machine. Easily expandable and driven by a 12th Gen Intel Core i5 processor, it has the speed, power and storage to do more&mdash;everyday. </span></li>\r\n<li><span class=\"a-list-item\"> 12th Generation Intel Core i5-12400 6-Core Processor (Up to 4.4GHz) | Intel UHD Graphics 730 </span></li>\r\n<li><span class=\"a-list-item\"> 12GB 3200MHz DDR4 Memory | 512GB M.2 2280 NVMe SSD | 8X DVD-Writer Double-Layer Drive (DVD-RW) </span></li>\r\n<li><span class=\"a-list-item\"> Intel Wireless Wi-Fi 6 AX201 802.11ax Dual-Band 2.4GHz and 5GHz featuring 2x2 MU-MIMO technology | Bluetooth 5.2 | 10/100/1000 Gigabit Ethernet LAN </span></li>\r\n<li><span class=\"a-list-item\"> 1 - USB 3.2 Type C Gen 1 port (up to 5 Gbps) (Front) | 2 - USB 3.2 Gen 1 Ports (1 Front and 1 Rear) | 4 - USB 2.0 Ports (Rear) | 2 - HDMI Ports (Rear) </span></li>\r\n<li><span class=\"a-list-item\"> USB Keyboard and Mouse Included | Windows 11 Home </span></li>\r\n</ul>", "category": 3, "disk_size": 512, "cpu": "Core i5", "gpu": "Integrated", "os": "Windows 11 Home"}}, {"model": "market.television", "pk": "040400", "fields": {"brand": "TCL", "model": "Class 3-Series", "product_image": "product_images/61g1yQfmlwL._AC_SX466_.jpg", "price": 600.0, "count": 3, "description": "<ul class=\"a-unordered-list a-vertical a-spacing-mini\">\r\n<li><span class=\"a-list-item\"> Stunning Full HD: Stunning Full HD resolution offers enhanced clarity and detail for all your favorite entertainment. </span></li>\r\n<li><span class=\"a-list-item\"> Simple, customizable home screen: Your favorite broadcast TV, streaming channels, gaming console and other devices are front-and-center, so you can spend your time relaxing &ndash; not scrolling. </span></li>\r\n<li><span class=\"a-list-item\"> Stream what you love: Enjoy free TV, live news, sports, movies, and more. </span></li>\r\n<li><span class=\"a-list-item\"> Endless free entertainment: Access the best selection of free entertainment with 250+ live TV channels, award-winning Roku Originals, in-season shows, hit movies, kids&rsquo; TV and more. </span></li>\r\n<li><span class=\"a-list-item\"> Live TV Channel Guide with 250+ free channels: Use the convenient live TV guide to surf broadcast TV and live streaming channels in one place. </span></li>\r\n</ul>", "category": 4, "screen_size": "32 Inches", "refresh_rate": 60, "resolution": "1080p", "display_technology": "LED", "connectivity_technology": "Wi-Fi, RF, USB, HDMI", "product_dimensions": "3.1\"D x 28.1\"W x 16.6\"H"}}, {"model": "market.television", "pk": "040402", "fields": {"brand": "TCL", "model": "Smart Roku TV - 32S355", "product_image": "product_images/61g1yQfmlwL._AC_SX466__ZJzh6rD.jpg", "price": 500.0, "count": 5, "description": "<ul class=\"a-unordered-list a-vertical a-spacing-mini\">\r\n<li><span class=\"a-list-item\"> Stunning High-Definition: Stunning HD resolution offers enhanced clarity and detail for all your favorite entertainment. </span></li>\r\n<li><span class=\"a-list-item\"> Simple, customizable home screen: Your favorite broadcast TV, streaming channels, gaming console and other devices are front-and-center, so you can spend your time relaxing &ndash; not scrolling. </span></li>\r\n<li><span class=\"a-list-item\"> Stream what you love: Enjoy free TV, live news, sports, movies, and more. </span></li>\r\n<li><span class=\"a-list-item\"> Endless free entertainment: Access the best selection of free entertainment with 250+ live TV channels, award-winning Roku Originals, in-season shows, hit movies, kids&rsquo; TV and more. </span></li>\r\n<li><span class=\"a-list-item\"> Live TV Channel Guide with 250+ free channels: Use the convenient live TV guide to surf broadcast TV and live streaming channels in one place. </span></li>\r\n</ul>", "category": 4, "screen_size": "32 Inches", "refresh_rate": 60, "resolution": "720p", "display_technology": "LED", "connectivity_technology": "Wi-Fi, RF, USB, HDMI", "product_dimensions": "2.9\"D x 28.8\"W x 17.2\"H"}}, {"model": "market.television", "pk": "040408", "fields": {"brand": "SAMSUNG", "model": "UN32N5300AFXZA", "product_image": "product_images/91UsHjAPTlL._AC_SX466_.jpg", "price": 850.0, "count": 14, "description": "<ul class=\"a-unordered-list a-vertical a-spacing-mini\">\r\n<li><span class=\"a-list-item\"> Full HD 1080p Resolution - Enjoy a viewing experience that is 2x the clarity of standard HD TVs..Power Supply (V) AC110-120V 50/60Hz </span></li>\r\n<li><span class=\"a-list-item\"> Smart TV - Get to your entertainment the faster, easier, and more intelligent way. Easily access your streaming services all in one place using the Samsung Remote Control. </span></li>\r\n<li><span class=\"a-list-item\"> Micro Dimming Pro - Reveal a more true-to-life picture with enhanced contrast. </span></li>\r\n<li><span class=\"a-list-item\"> Quad Core Processor: enjoy a Fluid browsing experience and faster control switching between apps, streaming content and other media effortlessly. </span></li>\r\n<li><span class=\"a-list-item\"> Dimensions: Without Stand 28.9\" W x 17.3\" H x 3.1\" D | With Stand 28.9\" W x 18.2\" H x 6.4\" D. Stand Size (WxHxD)-5.4 x 6.5 x 1.8 inches </span></li>\r\n<li><span class=\"a-list-item\"> Inputs Outputs: Two HDMI Input, One Component Video Input, One RF In (Satellite Input), One RF In (Terrestrial Cable Input), One USB Input, One Composite In (AV), One Ethernet (LAN) and One Digital Audio Out (Optical) </span></li>\r\n</ul>", "category": 4, "screen_size": "32 Inches", "refresh_rate": 60, "resolution": "1080p", "display_technology": "LCD", "connectivity_technology": "Wi-Fi, USB, HDMI", "product_dimensions": "6.4\"D x 28.9\"W x 18.2\"H"}}, {"model": "admin.logentry", "pk": 1, "fields": {"action_time": "2023-03-04T18:09:21.789Z", "user": 1, "content_type": 8, "object_id": "1", "object_repr": "Laptops", "action_flag": 1, "change_message": "[{\"added\": {}}]"}}, {"model": "admin.logentry", "pk": 2, "fields": {"action_time": "2023-03-04T18:09:34.705Z", "user": 1, "content_type": 8, "object_id": "1", "object_repr": "laptops", "action_flag": 2, "change_message": "[{\"changed\": {\"fields\": [\"Name\"]}}]"}}, {"model": "admin.logentry", "pk": 3, "fields": {"action_time": "2023-03-05T12:52:05.615Z", "user": 1, "content_type": 8, "object_id": "2", "object_repr": "desctops", "action_flag": 1, "change_message": "[{\"added\": {}}]"}}, {"model": "admin.logentry", "pk": 4, "fields": {"action_time": "2023-03-05T12:52:26.697Z", "user": 1, "content_type": 8, "object_id": "2", "object_repr": "desktops", "action_flag": 2, "change_message": "[{\"changed\": {\"fields\": [\"Name\"]}}]"}}, {"model": "admin.logentry", "pk": 5, "fields": {"action_time": "2023-03-06T11:28:44.231Z", "user": 1, "content_type": 7, "object_id": "1", "object_repr": "Laptop object (1)", "action_flag": 1, "change_message": "[{\"added\": {}}]"}}, {"model": "admin.logentry", "pk": 6, "fields": {"action_time": "2023-03-06T11:42:34.753Z", "user": 1, "content_type": 7, "object_id": "1", "object_repr": "Laptop object (1)", "action_flag": 2, "change_message": "[{\"changed\": {\"fields\": [\"Product image\"]}}]"}}, {"model": "admin.logentry", "pk": 7, "fields": {"action_time": "2023-03-06T11:50:29.732Z", "user": 1, "content_type": 7, "object_id": "1", "object_repr": "Lenovo: E-500", "action_flag": 2, "change_message": "[]"}}, {"model": "admin.logentry", "pk": 8, "fields": {"action_time": "2023-03-06T11:52:12.695Z", "user": 1, "content_type": 7, "object_id": "2", "object_repr": "Lenovo: E-500", "action_flag": 1, "change_message": "[{\"added\": {}}]"}}, {"model": "admin.logentry", "pk": 9, "fields": {"action_time": "2023-03-06T13:08:59.355Z", "user": 1, "content_type": 7, "object_id": "3", "object_repr": "Samsung: S-400-3", "action_flag": 1, "change_message": "[{\"added\": {}}]"}}, {"model": "admin.logentry", "pk": 10, "fields": {"action_time": "2023-03-06T14:18:10.660Z", "user": 1, "content_type": 8, "object_id": "2", "object_repr": "desktops", "action_flag": 2, "change_message": "[{\"changed\": {\"fields\": [\"Image\"]}}]"}}, {"model": "admin.logentry", "pk": 11, "fields": {"action_time": "2023-03-06T14:18:21.522Z", "user": 1, "content_type": 8, "object_id": "1", "object_repr": "laptops", "action_flag": 2, "change_message": "[{\"changed\": {\"fields\": [\"Image\"]}}]"}}, {"model": "admin.logentry", "pk": 12, "fields": {"action_time": "2023-03-06T15:26:40.325Z", "user": 1, "content_type": 7, "object_id": "2", "object_repr": "Lenovo: E-500", "action_flag": 3, "change_message": ""}}, {"model": "admin.logentry", "pk": 13, "fields": {"action_time": "2023-03-06T16:04:30.823Z", "user": 1, "content_type": 7, "object_id": "3", "object_repr": "Samsung: S-400-3", "action_flag": 3, "change_message": ""}}, {"model": "admin.logentry", "pk": 14, "fields": {"action_time": "2023-03-06T16:04:30.825Z", "user": 1, "content_type": 7, "object_id": "1", "object_repr": "Lenovo: E-500", "action_flag": 3, "change_message": ""}}, {"model": "admin.logentry", "pk": 15, "fields": {"action_time": "2023-03-06T16:06:14.066Z", "user": 1, "content_type": 9, "object_id": "1", "object_repr": "Product_code object (1)", "action_flag": 1, "change_message": "[{\"added\": {}}]"}}, {"model": "admin.logentry", "pk": 16, "fields": {"action_time": "2023-03-06T16:07:18.289Z", "user": 1, "content_type": 9, "object_id": "2", "object_repr": "Product_code object (2)", "action_flag": 1, "change_message": "[{\"added\": {}}]"}}, {"model": "admin.logentry", "pk": 17, "fields": {"action_time": "2023-03-07T11:00:29.052Z", "user": 1, "content_type": 7, "object_id": "4", "object_repr": "Lenovo: E-500", "action_flag": 1, "change_message": "[{\"added\": {}}]"}}, {"model": "admin.logentry", "pk": 18, "fields": {"action_time": "2023-03-07T15:04:05.643Z", "user": 1, "content_type": 7, "object_id": "5", "object_repr": "Samsung: S-400-3", "action_flag": 1, "change_message": "[{\"added\": {}}]"}}, {"model": "admin.logentry", "pk": 19, "fields": {"action_time": "2023-03-09T14:25:37.448Z", "user": 1, "content_type": 9, "object_id": "3", "object_repr": "020010", "action_flag": 1, "change_message": "[{\"added\": {}}]"}}, {"model": "admin.logentry", "pk": 20, "fields": {"action_time": "2023-03-09T14:26:58.004Z", "user": 1, "content_type": 7, "object_id": "6", "object_repr": "Lenovo: E-400", "action_flag": 1, "change_message": "[{\"added\": {}}]"}}, {"model": "admin.logentry", "pk": 21, "fields": {"action_time": "2023-03-11T11:39:49.666Z", "user": 1, "content_type": 9, "object_id": "4", "object_repr": "123123", "action_flag": 1, "change_message": "[{\"added\": {}}]"}}, {"model": "admin.logentry", "pk": 22, "fields": {"action_time": "2023-03-12T13:01:46.515Z", "user": 1, "content_type": 11, "object_id": "2", "object_repr": "Order object (2)", "action_flag": 3, "change_message": ""}}, {"model": "admin.logentry", "pk": 23, "fields": {"action_time": "2023-03-12T13:01:53.715Z", "user": 1, "content_type": 11, "object_id": "1", "object_repr": "Order object (1)", "action_flag": 3, "change_message": ""}}, {"model": "admin.logentry", "pk": 24, "fields": {"action_time": "2023-03-12T14:37:08.267Z", "user": 1, "content_type": 11, "object_id": "3", "object_repr": "Order object (3)", "action_flag": 2, "change_message": "[]"}}, {"model": "admin.logentry", "pk": 25, "fields": {"action_time": "2023-03-12T14:37:16.231Z", "user": 1, "content_type": 11, "object_id": "3", "object_repr": "Order object (3)", "action_flag": 3, "change_message": ""}}, {"model": "admin.logentry", "pk": 26, "fields": {"action_time": "2023-03-17T11:44:07.084Z", "user": 1, "content_type": 8, "object_id": "2", "object_repr": "desktops", "action_flag": 3, "change_message": ""}}, {"model": "admin.logentry", "pk": 27, "fields": {"action_time": "2023-03-17T13:12:25.718Z", "user": 1, "content_type": 8, "object_id": "3", "object_repr": "desctops", "action_flag": 1, "change_message": "[{\"added\": {}}]"}}, {"model": "admin.logentry", "pk": 28, "fields": {"action_time": "2023-03-17T13:14:01.715Z", "user": 1, "content_type": 8, "object_id": "4", "object_repr": "televisions", "action_flag": 1, "change_message": "[{\"added\": {}}]"}}, {"model": "admin.logentry", "pk": 29, "fields": {"action_time": "2023-03-17T14:17:18.754Z", "user": 1, "content_type": 9, "object_id": "5", "object_repr": "030303", "action_flag": 1, "change_message": "[{\"added\": {}}]"}}, {"model": "admin.logentry", "pk": 30, "fields": {"action_time": "2023-03-17T14:19:51.529Z", "user": 1, "content_type": 12, "object_id": "030303", "object_repr": "Acer: TC-1760-UA92", "action_flag": 1, "change_message": "[{\"added\": {}}]"}}, {"model": "admin.logentry", "pk": 31, "fields": {"action_time": "2023-03-17T14:20:22.459Z", "user": 1, "content_type": 9, "object_id": "6", "object_repr": "040400", "action_flag": 1, "change_message": "[{\"added\": {}}]"}}, {"model": "admin.logentry", "pk": 32, "fields": {"action_time": "2023-03-17T14:22:53.996Z", "user": 1, "content_type": 13, "object_id": "040400", "object_repr": "TCL: Class 3-Series", "action_flag": 1, "change_message": "[{\"added\": {}}]"}}, {"model": "admin.logentry", "pk": 33, "fields": {"action_time": "2023-03-17T14:26:25.552Z", "user": 1, "content_type": 8, "object_id": "3", "object_repr": "desktops", "action_flag": 2, "change_message": "[{\"changed\": {\"fields\": [\"Name\"]}}]"}}, {"model": "admin.logentry", "pk": 34, "fields": {"action_time": "2023-03-17T14:44:38.655Z", "user": 1, "content_type": 9, "object_id": "7", "object_repr": "040402", "action_flag": 1, "change_message": "[{\"added\": {}}]"}}, {"model": "admin.logentry", "pk": 35, "fields": {"action_time": "2023-03-17T14:49:02.233Z", "user": 1, "content_type": 13, "object_id": "040402", "object_repr": "TCL: Smart Roku TV - 32S355", "action_flag": 1, "change_message": "[{\"added\": {}}]"}}, {"model": "admin.logentry", "pk": 36, "fields": {"action_time": "2023-03-17T14:49:34.690Z", "user": 1, "content_type": 9, "object_id": "8", "object_repr": "040408", "action_flag": 1, "change_message": "[{\"added\": {}}]"}}, {"model": "admin.logentry", "pk": 37, "fields": {"action_time": "2023-03-17T14:51:52.324Z", "user": 1, "content_type": 13, "object_id": "040408", "object_repr": "SAMSUNG: UN32N5300AFXZA", "action_flag": 1, "change_message": "[{\"added\": {}}]"}}, {"model": "admin.logentry", "pk": 38, "fields": {"action_time": "2023-03-17T14:52:02.480Z", "user": 1, "content_type": 13, "object_id": "040408", "object_repr": "SAMSUNG: UN32N5300AFXZA", "action_flag": 2, "change_message": "[{\"changed\": {\"fields\": [\"Product dimensions\"]}}]"}}, {"model": "admin.logentry", "pk": 39, "fields": {"action_time": "2023-03-17T14:53:27.722Z", "user": 1, "content_type": 9, "object_id": "9", "object_repr": "022020", "action_flag": 1, "change_message": "[{\"added\": {}}]"}}, {"model": "admin.logentry", "pk": 40, "fields": {"action_time": "2023-03-17T14:55:52.573Z", "user": 1, "content_type": 12, "object_id": "022020", "object_repr": "Dell: Optiplex 7050", "action_flag": 1, "change_message": "[{\"added\": {}}]"}}, {"model": "admin.logentry", "pk": 41, "fields": {"action_time": "2023-03-17T14:56:11.602Z", "user": 1, "content_type": 9, "object_id": "10", "object_repr": "022220", "action_flag": 1, "change_message": "[{\"added\": {}}]"}}, {"model": "admin.logentry", "pk": 42, "fields": {"action_time": "2023-03-17T14:57:45.742Z", "user": 1, "content_type": 12, "object_id": "022220", "object_repr": "Dell: Optiplex 7051", "action_flag": 1, "change_message": "[{\"added\": {}}]"}}, {"model": "auth.user", "pk": 1, "fields": {"password": "pbkdf2_sha256$390000$L0sKwXAbn7Kc6vro7CDjqu$Eeokp8l/Hq3fOW3KVTGJnjjurHE/TYa/L4aYlwrPZ18=", "last_login": "2023-03-11T11:56:23.041Z", "is_superuser": true, "username": "admin", "first_name": "", "last_name": "", "email": "admin@mail.com", "is_staff": true, "is_active": true, "date_joined": "2023-03-04T18:06:33.168Z", "groups": [], "user_permissions": []}}, {"model": "sessions.session", "pk": "12jo35u0f32x2qx7a7b3d3f9jymnlov3", "fields": {"session_data": ".eJxVjEEOwiAQRe_C2hCoULBL957AGDLDDLZqaVLoynh326QL3f73_nuLAEvtw1J4DgOJTmhx-N0Q4pPzBugB-T7JOOU6Dyg3Re60yMtE_Drv7l-gh9KvbyDlKNqkPGhFjTEpJbCOMerTMSFqZQhsRNe03FrN0XjTakeJPRoPdo0Olcciuuvt8wWMljw8:1pZXyp:Y1tcmoOJ75MnX8Ior2yzPI0DIgHGOE41QVJKxmM_mUc", "expire_date": "2023-03-21T14:07:51.381Z"}}, {"model": "sessions.session", "pk": "55d9hl5ao7nj8q29p7g0z0laufibantf", "fields": {"session_data": ".eJxVjrsOgyAUht-FuTFgQahjm7j1GcwBDtVWoQGcjO9ebFwc_2u-lYwZ50TaldCaUkZJy7YL6WHJQ78kjP1oSUsYOXkazAf9Htg3-FeoTPA5jrraK9WRpuoZLE73o3s6GCANZQ2WSmuEowoYtTXnzjkQErVht6vTmlFuQRgt6wYbwdBwxRsmrUOluQJRTv_4vQmLzwW96NSNU8bYhTg_wjTBN2EBzXHB7QdpTU6q:1pdYzg:6UIKopVxG1uh4GADnO6lYhIrquPCIIoX-5mIiwld3oE", "expire_date": "2023-04-01T16:01:20.217Z"}}, {"model": "sessions.session", "pk": "9hyatftzs1hipisnj6o18vuyt29m0mgh", "fields": {"session_data": ".eJxVjLEOgzAQQ__l5golNCEpY_d-QVWhS-5SaClBJEyIfy9ILEgeLD_bC3SZfwnqBXoccxw3-wRRik3wWi_Q4JzbZk48NR1BDRJOmUP_5WEH9MHhHQsfhzx1rtgrxUFT8YjE_f3ong5aTO22RhKGvA7CohRUKhVCQG3YeXm7BuekUITaO1NWXGnJXllVSUOBrVMWNax_-NxCHQ:1paIVa:I2owa6WNDX5vtAMDpU1BnkZubc1mYCuzuzb253kzoNk", "expire_date": "2023-03-23T15:48:46.528Z"}}, {"model": "sessions.session", "pk": "fjepwem3gw5215oxbcnzkon7to7sarob", "fields": {"session_data": "eyJpc0ZpbHRlckZvcm1Db2xsYXBzZWQiOmZhbHNlLCJpdGVtcyI6e30sIml0ZW1zX2NvdW50IjowfQ:1pdsKv:s5kqBLw9MdUqbw37FVZGfe_nf1IRmhoW4wCqKzqqlkE", "expire_date": "2023-04-02T12:40:33.223Z"}}, {"model": "sessions.session", "pk": "orrgvo7v25etpcl91yicq635wq7bxtqw", "fields": {"session_data": ".eJxVjMEOgyAQRP9lzw0BC0I99t5vMAu7VFsrRvBk_Pdq4sVkDpN5M7NCX_iXoVlhwKmk6bDbDWQld0Gjdt_iUrp2yTy3PUEDCi6Zx_Dl8QD0wfGdREhjmXsvjoo4aRavRDw8z-7loMPc7WskaSmYKB0qSZXWMUY0ln1Qj3v0XklNaIK3Vc21URy007WyFNl57dDA9geqyEL0:1paxgZ:IufaAiZsyIoxeJUxPDwPnnSnOE6OiufPfGNOiBE9dwA", "expire_date": "2023-03-25T11:46:51.125Z"}}, {"model": "sessions.session", "pk": "r9ebysazposg4ngna6c6inskrcgmmy1x", "fields": {"session_data": ".eJxVjDsOwjAQBe_iGlne4B-U9JzB2vWucQA5UpxUiLtDpBTQvpl5L5VwXWpau8xpZHVWoA6_G2F-SNsA37HdJp2ntswj6U3RO-36OrE8L7v7d1Cx12-NbAJnV0xEMDxYW0pBF4QynI6FCIxldJnC4MU7kGyj9RC4SCQb0an3BwoJOLg:1pYWHb:FMBy7KFPtk4klFrgB8N-xv_iWq_2QRjmkeLR441hPQ0", "expire_date": "2023-03-18T18:06:59.936Z"}}]